Addison IL,1445 W Lake St.,Addison IL 60101,(630) 953-4961,Manager Name,GymPictures\Addison IL\manager.jpg,Trainer Name,GymPictures\Addison IL\trainer.jpg
Naperville IL,1163 E Ogden Ave, Naperville IL 60563,(630) 416-7200,Manager Name,GymPictures\Naperville IL\manager.jpg,Trainer Name,GymPictures\Naperville IL\trainer.jpg
Horseheads,3339 Chambers Road,Horseheads NY 14845,(607) 846-3130,Manager Name,GymPictures\Horseheads\manager.jpg,Trainer Name,GymPictures\Horseheads\trainer.jpg
Milwaukee Southgate,3333 S. 27th St,Milwaukee WI 53215,(414) 382-1900,Manager Name,GymPictures\Milwaukee Southgate\manager.jpg,Trainer Name,GymPictures\Milwaukee Southgate\trainer.jpg
Sheboygan,549 S Taylor Dr,Sheboygan Wi 53081,920-803-8888,Manager Name,GymPictures\Sheboygan\manager.jpg,Trainer Name,GymPictures\Sheboygan\trainer.jpg
Franklin Milwaukee,6529 S 27th St,Franklin WI 53132,(414) 988-9269,Manager Name,GymPictures\Franklin Milwaukee\manager.jpg,Trainer Name,GymPictures\Franklin Milwaukee\trainer.jpg
West Bend,230 N. 18th Ave,West Bend WI 53095,(262) 365-0850,Manager Name,GymPictures\West Bend\manager.jpg,Trainer Name,GymPictures\West Bend\trainer.jpg
Champaign,2002 Glen Park Drive,Champaign IL 61821,(217) 356-8500,Manager Name,GymPictures\Champaign\manager.jpg,Trainer Name,GymPictures\Champaign\trainer.jpg
Madison West Broadway,2311 West Broadway,Monona WI 53713,(608) 223-9075,Manager Name,GymPictures\Madison West Broadway\manager.jpg,Trainer Name,GymPictures\Madison West Broadway\trainer.jpg
Fond du Lac,1083 E. Johnson St,Fond du Lac WI 54935,(920) 922-0833,Manager Name,GymPictures\Fond du Lac\manager.jpg,Trainer Name,GymPictures\Fond du Lac\trainer.jpg
Rockford,2420 S. Alpine Road,Rockford IL 61108,(815) 708-6707,Manager Name,GymPictures\Rockford\manager.jpg,Trainer Name,GymPictures\Rockford\trainer.jpg
Madison Mineral Point,7475 Mineral Point Road,Madison WI 53717,(608) 827-8353,Manager Name,GymPictures\Madison Mineral Point\manager.jpg,Trainer Name,GymPictures\Madison Mineral Point\trainer.jpg
Loves Park,6333 North Second Street,Loves Park IL 61111,(815) 633-7202,Manager Name,GymPictures\Loves Park\manager.jpg,Trainer Name,GymPictures\Loves Park\trainer.jpg
East Peoria,105 N. Main St,East Peoria IL 61611,(309) 699-0081,Manager Name,GymPictures\East Peoria\manager.jpg,Trainer Name,GymPictures\East Peoria\trainer.jpg
Eau Claire,3015 E.Hamilton Ave.,Eau Claire WI 54701,(715) 598-1602,Manager Name,GymPictures\Eau Claire\manager.jpg,Trainer Name,GymPictures\Eau Claire\trainer.jpg
South Milwaukee,2901 South Chicago Ave,South Milwaukee WI 53172,(414) 766-0705,Manager Name,GymPictures\South Milwaukee\manager.jpg,Trainer Name,GymPictures\South Milwaukee\trainer.jpg
Milwaukee East Capitol WI,709 East Capitol Drive,Milwaukee WI 53212,(414) 800-7237,Manager Name,GymPictures\Milwaukee East Capitol WI\manager.jpg,Trainer Name,GymPictures\Milwaukee East Capitol WI\trainer.jpg
Springfield Wabash Ave,1756 Wabash Avenue,Springfield IL 62704,(217) 546-4910,Manager Name,GymPictures\Springfield Wabash Ave\manager.jpg,Trainer Name,GymPictures\Springfield Wabash Ave\trainer.jpg
Peoria IL,4125 N Sheridan Rd,Peoria IL 61614,(309) 688-0188,Manager Name,GymPictures\Peoria IL\manager.jpg,Trainer Name,GymPictures\Peoria IL\trainer.jpg
Manitowoc,3415 Custer Street,Manitowoc WI 54220,(920) 652-9800,Manager Name,GymPictures\Manitowoc\manager.jpg,Trainer Name,GymPictures\Manitowoc\trainer.jpg
Oconomowoc Wi,1412 Summit Avenue,Oconomowoc WI 53066,(262) 569-0120,Manager Name,GymPictures\Oconomowoc Wi\manager.jpg,Trainer Name,GymPictures\Oconomowoc Wi\trainer.jpg
Appleton,3375 West College Ave,Appleton WI 54911,(920) 733-3554,Manager Name,GymPictures\Appleton\manager.jpg,Trainer Name,GymPictures\Appleton\trainer.jpg
East Appleton WI,W3165 Van Roy Road Suite 7,Appleton WI 54915,(920) 815-3592,Manager Name,GymPictures\East Appleton WI\manager.jpg,Trainer Name,GymPictures\East Appleton WI\trainer.jpg
Brookfield WI,15740 West Capitol Drive,Brookfield WI 53005,(262) 599-8127,Manager Name,GymPictures\Brookfield WI\manager.jpg,Trainer Name,GymPictures\Brookfield WI\trainer.jpg
Green Bay West,2641 West Mason Street,Green Bay WI 54303,(920) 544-8190,Manager Name,GymPictures\Green Bay West\manager.jpg,Trainer Name,GymPictures\Green Bay West\trainer.jpg
Milwaukee Midtown,5700 West Capitol Parkway,Milwaukee WI 53216,(414) 444-3111,Manager Name,GymPictures\Milwaukee Midtown\manager.jpg,Trainer Name,GymPictures\Milwaukee Midtown\trainer.jpg
Roths Child WI,10101 Market Street Suite C060,Rothschild WI 54474,(715) 298-6060,Manager Name,GymPictures\Roths Child WI\manager.jpg,Trainer Name,GymPictures\Roths Child WI\trainer.jpg
Oshkosh,1850 Jackson St,Oshkosh WI 54901,(920) 231-5336,Manager Name,GymPictures\Oshkosh\manager.jpg,Trainer Name,GymPictures\Oshkosh\trainer.jpg
Green Bay East,1831 Main St,Green Bay WI 54302,(920) 544-8191,Manager Name,GymPictures\Green Bay East\manager.jpg,Trainer Name,GymPictures\Green Bay East\trainer.jpg
Milwaukee Downtown,101 W. Wisconsin Ave,Milwaukee WI 53203,(414) 223-3380,Manager Name,GymPictures\Milwaukee Downtown\manager.jpg,Trainer Name,GymPictures\Milwaukee Downtown\trainer.jpg
Janesville,1800 Milton Ave Suite 150,Janesville WI 53545,(608) 756-3294,Manager Name,GymPictures\Janesville\manager.jpg,Trainer Name,GymPictures\Janesville\trainer.jpg
Menomonee Falls,N89 W16899 Appleton Ave,Menomonee Falls WI 53051,(262) 251-8000,Manager Name,GymPictures\Menomonee Falls\manager.jpg,Trainer Name,GymPictures\Menomonee Falls\trainer.jpg
Beloit,1827 Prairie Ave,Beloit WI 53511,(608) 312-4200,Manager Name,GymPictures\Beloit\manager.jpg,Trainer Name,GymPictures\Beloit\trainer.jpg